movie_id,title,overview,poster_path,rating,genres
1197306,A Working Man,"Levon Cade left behind a decorated military career in the black ops to live a simple life working construction. But when his boss's daughter, who is like family to him, is taken by human traffickers, his search to bring her home uncovers a world of corruption far greater than he ever could have imagined.",https://image.tmdb.org/t/p/w500//xUkUZ8eOnrOnnJAfusZUqKYZiDu.jpg,6.284,"Action, Crime, Thriller"
668489,Havoc,"When a drug heist swerves lethally out of control, a jaded cop fights his way through a corrupt city's criminal underworld to save a politician's son.",https://image.tmdb.org/t/p/w500//r46leE6PSzLR3pnVzaxx5Q30yUF.jpg,6.696,"Action, Crime, Thriller"
950387,A Minecraft Movie,"Four misfits find themselves struggling with ordinary problems when they are suddenly pulled through a mysterious portal into the Overworld: a bizarre, cubic wonderland that thrives on imagination. To get back home, they'll have to master this world while embarking on a magical quest with an unexpected, expert crafter, Steve.",https://image.tmdb.org/t/p/w500//iPPTGh2OXuIv6d7cwuoPkw8govp.jpg,6.193,"Family, Comedy, Adventure, Fantasy"
324544,In the Lost Lands,"A queen sends the powerful and feared sorceress Gray Alys to the ghostly wilderness of the Lost Lands in search of a magical power, where she and her guide, the drifter Boyce, must outwit and outfight both man and demon.",https://image.tmdb.org/t/p/w500//t6HJH3gXtUqVinyFKWi7Bjh73TM.jpg,6.322,"Fantasy, Adventure, Action"
1276073,Bullet Train Explosion,"When panic erupts on a Tokyo-bound bullet train that will explode if it slows below 100 kph, authorities race against time to save everyone on board.",https://image.tmdb.org/t/p/w500//qkTKtOHK9JEEOHgPQZ0dFtzs5ML.jpg,6.635,"Action, Thriller, Crime, Drama"
1092899,The Siege,"International assassin Walker is compromised during a mission and sent to a reassignment center for a new identity. During his stay at the facility, a ruthless assault team storms the compound searching for someone their boss has lost. Walker begrudgingly falls in with skilled hitwoman Elda and her mysterious ward Juliet in order to survive the night.",https://image.tmdb.org/t/p/w500//hVh4hMzkXNLnScudbid6hDvjMPk.jpg,5.333,"Action, Thriller"
822119,Captain America: Brave New World,"After meeting with newly elected U.S. President Thaddeus Ross, Sam finds himself in the middle of an international incident. He must discover the reason behind a nefarious global plot before the true mastermind has the entire world seeing red.",https://image.tmdb.org/t/p/w500//pzIddUEMWhWzfvLI3TwxUG2wGoi.jpg,6.155,"Action, Thriller, Science Fiction"
1180906,Desert Dawn,A newly appointed small-town sheriff and his begrudging deputy get tangled up in a web of lies and corruption involving shady businessmen and the cartel while investigating the murder of a mysterious woman.,https://image.tmdb.org/t/p/w500//S21BfLrJSD9njucBfY3CKqp8rD.jpg,0.0,"Action, Crime, Mystery, Thriller"
1233413,Sinners,"Trying to leave their troubled lives behind, twin brothers return to their hometown to start again, only to discover that an even greater evil is waiting to welcome them back.",https://image.tmdb.org/t/p/w500//fWPgbnt2LSqkQ6cdQc0SZN9CpLm.jpg,7.619,"Action, Horror, Thriller"
974576,Conclave,"After the unexpected death of the Pope, Cardinal Lawrence is tasked with managing the covert and ancient ritual of electing a new one. Sequestered in the Vatican with the Catholic Church’s most powerful leaders until the process is complete, Lawrence finds himself at the center of a conspiracy that could lead to its downfall.",https://image.tmdb.org/t/p/w500//l4WXg5oQPK6GVlISKQNIUGb8rKJ.jpg,7.209,"Drama, Thriller, Mystery"
931349,Ash,A woman wakes up on a distant planet and finds the crew of her space station viciously killed. Her investigation into what happened sets in motion a terrifying chain of events.,https://image.tmdb.org/t/p/w500//5Oz39iyRuztiA8XqCNVDBuy2Ut3.jpg,5.491,"Science Fiction, Horror, Thriller"
1045938,G20,"After the G20 Summit is overtaken by terrorists, President Danielle Sutton must bring all her statecraft and military experience to defend her family and her fellow leaders.",https://image.tmdb.org/t/p/w500//wv6oWAleCJZUk5htrGg413t3GCy.jpg,6.619,"Action, Mystery, Drama"
1195506,Novocaine,"When the girl of his dreams is kidnapped, everyman Nate turns his inability to feel pain into an unexpected strength in his fight to get her back.",https://image.tmdb.org/t/p/w500//xmMHGz9dVRaMY6rRAlEX4W0Wdhm.jpg,6.89,"Action, Comedy, Thriller"
1124620,The Monkey,"When twin brothers find a mysterious wind-up monkey, a series of outrageous deaths tear their family apart. Twenty-five years later, the monkey begins a new killing spree forcing the estranged brothers to confront the cursed toy.",https://image.tmdb.org/t/p/w500//yYa8Onk9ow7ukcnfp2QWVvjWYel.jpg,5.864,"Horror, Comedy"
1083968,Locked,"When Eddie breaks into a luxury SUV, he steps into a deadly trap set by William, a self-proclaimed vigilante delivering his own brand of twisted justice. With no means of escape, Eddie must fight to survive in a ride where escape is an illusion, survival is a nightmare, and justice shifts into high gear.",https://image.tmdb.org/t/p/w500//hhkiqXpfpufwxVrdSftzeKIANl3.jpg,6.1,"Horror, Thriller"
1244944,The Woman in the Yard,"In the aftermath of her husband's death, widow Ramona's struggle to raise her two kids is hindered by the arrival of a mysterious woman with supernatural abilities.",https://image.tmdb.org/t/p/w500//n0WS2TsNcS6dtaZKzxipyO7LuCJ.jpg,6.0,"Horror, Mystery"
1293286,Gunslingers,"When the most wanted man in America surfaces in a small Kentucky town, his violent history -- and a blood-thirsty mob seeking vengeance and a king’s ransom -- soon follow. As brothers face off against one another and bullets tear the town to shreds, this lightning-fast gunslinger makes his enemies pay the ultimate price for their greed.",https://image.tmdb.org/t/p/w500//O7REXWPANWXvX2jhQydHjAq2DV.jpg,6.7,"Western, Action"
1241982,Moana 2,"After receiving an unexpected call from her wayfinding ancestors, Moana journeys alongside Maui and a new crew to the far seas of Oceania and into dangerous, long-lost waters for an adventure unlike anything she's ever faced.",https://image.tmdb.org/t/p/w500//aLVkiINlIeCkcZIzb7XHzPYgO6L.jpg,7.08,"Animation, Adventure, Family, Comedy"
762509,Mufasa: The Lion King,"Mufasa, a cub lost and alone, meets a sympathetic lion named Taka, the heir to a royal bloodline. The chance meeting sets in motion an expansive journey of a group of misfits searching for their destiny.",https://image.tmdb.org/t/p/w500//lurEK87kukWNaHd0zYnsi3yzJrs.jpg,7.415,"Adventure, Family, Animation"
939243,Sonic the Hedgehog 3,"Sonic, Knuckles, and Tails reunite against a powerful new adversary, Shadow, a mysterious villain with powers unlike anything they have faced before. With their abilities outmatched in every way, Team Sonic must seek out an unlikely alliance in hopes of stopping Shadow and protecting the planet.",https://image.tmdb.org/t/p/w500//d8Ryb8AunYAuycVKDp5HpdWPKgC.jpg,7.726,"Action, Science Fiction, Comedy, Family"
1403735,Laila,"Sonu Model, a renowned beautician from the old city, is forced to disguise himself as Laila, leading to a series of comedic, romantic, and action-packed events. Chaos ensues in this hilarious laugh riot",https://image.tmdb.org/t/p/w500//l4gsNxFPGpzbq0D6QK1a8vO1lBz.jpg,5.0,"Comedy, Romance"
870028,The Accountant 2,"When an old acquaintance is murdered, Wolff is compelled to solve the case. Realizing more extreme measures are necessary, Wolff recruits his estranged and highly lethal brother, Brax, to help. In partnership with Treasury Agent Marybeth Medina, they uncover a deadly conspiracy, becoming targets of a ruthless network of killers who will stop at nothing to keep their secrets buried.",https://image.tmdb.org/t/p/w500//ieYaJz2nzs4wcqpWaofagzGoGPi.jpg,7.233,"Crime, Thriller, Action"
299536,Avengers: Infinity War,"As the Avengers and their allies have continued to protect the world from threats too large for any one hero to handle, a new danger has emerged from the cosmic shadows: Thanos. A despot of intergalactic infamy, his goal is to collect all six Infinity Stones, artifacts of unimaginable power, and use them to inflict his twisted will on all of reality. Everything the Avengers have fought for has led up to this moment - the fate of Earth and existence itself has never been more uncertain.",https://image.tmdb.org/t/p/w500//7WsyChQLEftFiDOVTGkv3hFpyyt.jpg,8.2,"Adventure, Action, Science Fiction"
315635,Spider-Man: Homecoming,"Following the events of Captain America: Civil War, Peter Parker, with the help of his mentor Tony Stark, tries to balance his life as an ordinary high school student in Queens, New York City, with fighting crime as his superhero alter ego Spider-Man as a new threat, the Vulture, emerges.",https://image.tmdb.org/t/p/w500//c24sv2weTHPsmDa7jEMN0m2P3RT.jpg,7.3,"Action, Adventure, Science Fiction, Drama"
420818,The Lion King,"Simba idolizes his father, King Mufasa, and takes to heart his own royal destiny. But not everyone in the kingdom celebrates the new cub's arrival. Scar, Mufasa's brother—and former heir to the throne—has plans of his own. The battle for Pride Rock is ravaged with betrayal, tragedy and drama, ultimately resulting in Simba's exile. With help from a curious pair of newfound friends, Simba will have to figure out how to grow up and take back what is rightfully his.",https://image.tmdb.org/t/p/w500//dzBtMocZuJbjLOXvrl4zGYigDzh.jpg,7.111,"Adventure, Drama, Family, Animation"
1059073,Winter Spring Summer or Fall,"Remi and Barnes, two very different teenagers, meet by chance in the winter of their senior year, then spend four  days together over the course of a year that will change their lives forever.",https://image.tmdb.org/t/p/w500//mEPi5ISa5RmzpzeDfwkhX0CcNsf.jpg,7.583,"Romance, Comedy, Drama"
696506,Mickey 17,"Unlikely hero Mickey Barnes finds himself in the extraordinary circumstance of working for an employer who demands the ultimate commitment to the job… to die, for a living.",https://image.tmdb.org/t/p/w500//edKpE9B5qN3e559OuMCLZdW1iBZ.jpg,6.915,"Science Fiction, Comedy, Adventure"
321612,Beauty and the Beast,A live-action adaptation of Disney's version of the classic tale of a cursed prince and a beautiful young woman who helps him break the spell.,https://image.tmdb.org/t/p/w500//hKegSKIDep2ewJWPUQD7u0KqFIp.jpg,6.971,"Family, Fantasy, Romance"
11,Star Wars,Princess Leia is captured and held hostage by the evil Imperial forces in their effort to take over the galactic Empire. Venturesome Luke Skywalker and dashing captain Han Solo team together with the loveable robot duo R2-D2 and C-3PO to rescue the beautiful princess and restore peace and justice in the Empire.,https://image.tmdb.org/t/p/w500//6FfCtAuVAW8XJjZ7eWeLibRLWTw.jpg,8.204,"Adventure, Action, Science Fiction"
283995,Guardians of the Galaxy Vol. 2,The Guardians must fight to keep their newfound family together as they unravel the mysteries of Peter Quill's true parentage.,https://image.tmdb.org/t/p/w500//y4MBh0EjBlMuOzv9axM4qJlmhzz.jpg,7.612,"Science Fiction, Adventure, Action"
181808,Star Wars: The Last Jedi,"Rey develops her newly discovered abilities with the guidance of Luke Skywalker, who is unsettled by the strength of her powers. Meanwhile, the Resistance prepares to do battle with the First Order.",https://image.tmdb.org/t/p/w500//kOVEVeg59E0wsnXmF9nrh6OmWII.jpg,6.779,"Adventure, Action, Science Fiction"
1125899,Cleaner,"When a group of radical activists take over an energy company's annual gala, seizing 300 hostages, an ex-soldier turned window cleaner suspended 50 storeys up on the outside of the building must save those trapped inside, including her younger brother.",https://image.tmdb.org/t/p/w500//mwzDApMZAGeYCEVjhegKvCzDX0W.jpg,6.599,"Action, Thriller"
1373723,The Codes of War,"War stories about family, ethics and honor include the true story of two U.S. Marines who in a span of six seconds, must stand their ground to stop a suicide truck bomb, a Navy Corpsman who attempts to hold on to his humanity, and a WW2 soldier who gets separated from his squad and is forced to re-evaluate his code.",https://image.tmdb.org/t/p/w500//oXeiQAfRK90pxxhP5iKPXQqAIN1.jpg,6.2,"Action, War"
335984,Blade Runner 2049,"Thirty years after the events of the first film, a new blade runner, LAPD Officer K, unearths a long-buried secret that has the potential to plunge what's left of society into chaos. K's discovery leads him on a quest to find Rick Deckard, a former LAPD blade runner who has been missing for 30 years.",https://image.tmdb.org/t/p/w500//gajva2L0rPYkEWjzgFlBXCAVBE5.jpg,7.578,"Science Fiction, Drama"
209112,Batman v Superman: Dawn of Justice,"Fearing the actions of a god-like Super Hero left unchecked, Gotham City’s own formidable, forceful vigilante takes on Metropolis’s most revered, modern-day savior, while the world wrestles with what sort of hero it really needs. And with Batman and Superman at war with one another, a new threat quickly arises, putting mankind in greater danger than it’s ever known before.",https://image.tmdb.org/t/p/w500//5UsK3grJvtQrtzEgqNlDljJW96w.jpg,6.0,"Action, Adventure, Fantasy"
293167,Kong: Skull Island,"Explore the mysterious and dangerous home of the king of the apes as a team of explorers ventures deep inside the treacherous, primordial island.",https://image.tmdb.org/t/p/w500//r2517Vz9EhDhj88qwbDVj8DCRZN.jpg,6.5,"Action, Adventure, Fantasy"
1353117,Home Sweet Home: Rebirth,"When a city is overrun with a demonically-possessed crowd, a cop must find the source of evil to save his family.",https://image.tmdb.org/t/p/w500//9rCBCm9cyI4JfLEhx3EncyncMR3.jpg,6.557,"Horror, Fantasy, Thriller, Mystery, Action"
1252309,Ask Me What You Want,"After his father's death, Eric Zimmerman travels to Spain to oversee his company's branches. In Madrid, he falls for Judith and engage in an intense, erotic relationship full of exploration. However, Eric fears his secret may end their affair.",https://image.tmdb.org/t/p/w500//k82T5L1utX1G2LhNWeza9nGUKPk.jpg,5.9,"Romance, Drama"
218,The Terminator,"In the post-apocalyptic future, reigning tyrannical supercomputers teleport a cyborg assassin known as the ""Terminator"" back to 1984 to kill Sarah Connor, whose unborn son is destined to lead insurgents against 21st century mechanical hegemony. Meanwhile, the human-resistance movement dispatches a lone warrior to safeguard Sarah. Can he stop the virtually indestructible killing machine?",https://image.tmdb.org/t/p/w500//hzXSE66v6KthZ8nPoLZmsi2G05j.jpg,7.664,"Action, Thriller, Science Fiction"
1201176,Easter Bloody Easter,A woman must protect her small town from the Jackalope (based on the mythical rabbit-antelope creature of North American folklore) and his army of devilish bunnies as they embark on a murder spree over the Easter weekend.,https://image.tmdb.org/t/p/w500//8tGYZlPttiOjEe61GvszRcrnpEi.jpg,4.5,"Horror, Comedy, Fantasy"
348,Alien,"During its return to the earth, commercial spaceship Nostromo intercepts a distress signal from a distant planet. When a three-member team of the crew discovers a chamber containing thousands of eggs on the planet, a creature inside one of the eggs attacks an explorer. The entire crew is unaware of the impending nightmare set to descend upon them when the alien parasite planted inside its unfortunate host is birthed.",https://image.tmdb.org/t/p/w500//vfrQk5IPloGg1v9Rzbh2Eg3VGyM.jpg,8.163,"Horror, Science Fiction"
1232546,Until Dawn,"One year after her sister Melanie mysteriously disappeared, Clover and her friends head into the remote valley where she vanished in search of answers. Exploring an abandoned visitor center, they find themselves stalked by a masked killer and horrifically murdered one by one…only to wake up and find themselves back at the beginning of the same evening.",https://image.tmdb.org/t/p/w500//6O9nkcmZBymDXtxOGJmulqcxJdv.jpg,6.3,"Horror, Mystery"
297762,Wonder Woman,An Amazon princess comes to the world of Man in the grips of the First World War to confront the forces of evil and bring an end to human conflict.,https://image.tmdb.org/t/p/w500//v4ncgZjG2Zu8ZW5al1vIZTsSjqX.jpg,7.216,"Action, Adventure, Fantasy"
1229730,Carjackers,"By day, they're invisible—valets, hostesses, and bartenders at a luxury hotel. By night, they're the Carjackers, a crew of skilled drivers who track and rob wealthy clients on the road. As they plan their ultimate heist, the hotel director hires a ruthless hitman, to stop them at all costs. With danger closing in, can Nora, Zoe, Steve, and Prestance pull off their biggest score yet?",https://image.tmdb.org/t/p/w500//wbkPMTz2vVai7Ujyp0ag7AM9SrO.jpg,6.119,"Action, Adventure"
1126166,Flight Risk,"A U.S. Marshal escorts a government witness to trial after he's accused of getting involved with a mob boss, only to discover that the pilot who is transporting them is also a hitman sent to assassinate the informant. After they subdue him, they're forced to fly together after discovering that there are others attempting to eliminate them.",https://image.tmdb.org/t/p/w500//q0bCG4NX32iIEsRFZqRtuvzNCyZ.jpg,6.12,"Action, Thriller"
374720,Dunkirk,"The story of the miraculous evacuation of Allied soldiers from Belgium, Britain, Canada and France, who were cut off and surrounded by the German army from the beaches and harbour of Dunkirk between May 26th and June 4th 1940 during World War II.",https://image.tmdb.org/t/p/w500//b4Oe15CGLL61Ped0RAS9JpqdmCt.jpg,7.45,"War, Action, Drama"
1371202,iHostage,"When a gunman enters an Apple Store in the heart of Amsterdam, the police face a delicate challenge to resolve the standoff.",https://image.tmdb.org/t/p/w500//tn3Ckxyc7OWXnhMPkiIBvqLdFC6.jpg,6.102,"Thriller, Crime, Drama"
1096838,Here After,"When her teen daughter displays increasingly disturbing behavior after a near death experience, a mother becomes convinced the girl brought something evil back from the other side.",https://image.tmdb.org/t/p/w500//by3EEDIVTdhNJolYK2Msn1RHRFH.jpg,5.123,"Horror, Thriller"
950396,The Gorge,"Two highly-trained operatives are appointed to posts in guard towers on opposite sides of a vast and highly classified gorge, protecting the world from an undisclosed, mysterious evil that lurks within. They bond from a distance while trying to stay vigilant in defending against an unseen enemy. When the cataclysmic threat to humanity is revealed to them, they must work together in a test of both their physical and mental strength to keep the secret in the gorge before it’s too late.",https://image.tmdb.org/t/p/w500//7iMBZzVZtG0oBug4TfqDb9ZxAOa.jpg,7.732,"Romance, Science Fiction, Thriller"
320288,Dark Phoenix,"The X-Men face their most formidable and powerful foe when one of their own, Jean Grey, starts to spiral out of control. During a rescue mission in outer space, Jean is nearly killed when she's hit by a mysterious cosmic force. Once she returns home, this force not only makes her infinitely more powerful, but far more unstable. The X-Men must now band together to save her soul and battle aliens that want to use Grey's new abilities to rule the galaxy.",https://image.tmdb.org/t/p/w500//cCTJPelKGLhALq3r51A9uMonxKj.jpg,5.972,"Science Fiction, Action, Adventure"
1101401,Sugar Baby,"An enterprising Sugar Baby is offered $30,000 to move in with her Sugar Daddy for the week, but soon discovers the sinister secrets trapped within his home.",https://image.tmdb.org/t/p/w500//z7NyxmdJ1ypn3Y6BVizjGODuBdO.jpg,6.038,"Thriller, Comedy"
284054,Black Panther,"King T'Challa returns home to the reclusive, technologically advanced African nation of Wakanda to serve as his country's new leader. However, T'Challa soon finds that he is challenged for the throne by factions within his own country as well as without. Using powers reserved to Wakandan kings, T'Challa assumes the Black Panther mantle to join with ex-girlfriend Nakia, the queen-mother, his princess-kid sister, members of the Dora Milaje (the Wakandan 'special forces') and an American secret agent, to prevent Wakanda from being dragged into a world war.",https://image.tmdb.org/t/p/w500//uxzzxijgPIY7slzFvMotPv8wjKA.jpg,7.373,"Action, Adventure, Science Fiction"
335988,Transformers: The Last Knight,"Humans and Transformers are at war. Optimus Prime is gone. The key to saving our future lies buried in the secrets of the past, in the hidden history of Transformers on Earth. Saving our world falls upon the shoulders of an unlikely alliance: Cade Yeager; Bumblebee; an English Lord; and an Oxford Professor.",https://image.tmdb.org/t/p/w500//s5HQf2Gb3lIO2cRcFwNL9sn1o1o.jpg,6.1,"Action, Adventure, Science Fiction"
450465,Glass,"In a series of escalating encounters, former security guard David Dunn uses his supernatural abilities to track Kevin Wendell Crumb, a disturbed man who has twenty-four personalities. Meanwhile, the shadowy presence of Elijah Price emerges as an orchestrator who holds secrets critical to both men.",https://image.tmdb.org/t/p/w500//svIDTNUoajS8dLEo7EosxvyAsgJ.jpg,6.663,"Thriller, Drama, Science Fiction"
299534,Avengers: Endgame,"After the devastating events of Avengers: Infinity War, the universe is in ruins due to the efforts of the Mad Titan, Thanos. With the help of remaining allies, the Avengers must assemble once more in order to undo Thanos' actions and restore order to the universe once and for all, no matter what consequences may be in store.",https://image.tmdb.org/t/p/w500//ulzhLuWrPK07P1YkdWQLZnQh1JL.jpg,8.237,"Adventure, Science Fiction, Action"
447273,Snow White,"Following the benevolent King's disappearance, the Evil Queen dominated the once fair land with a cruel streak. Princess Snow White flees the castle when the Queen, in her jealousy over Snow White's inner beauty, tries to kill her. Deep into the dark woods, she stumbles upon seven magical dwarves and a young bandit named Jonathan. Together, they strive to survive the Queen's relentless pursuit and aspire to take back the kingdom in the process.",https://image.tmdb.org/t/p/w500//oLxWocqheC8XbXbxqJ3x422j9PW.jpg,4.543,"Family, Fantasy"
1312833,A Knight's War,"A fearless knight braves a deadly realm to save the Chosen One’s soul. Facing witches, demons, and brutal foes, he discovers her return could ignite chaos and doom humanity.",https://image.tmdb.org/t/p/w500//janjdSMrTRGtPrI1p9uOX66jv7x.jpg,5.3,"Horror, Action, Fantasy"
1055451,Founders Day,A small town is shaken by a series of ominous killings in the days leading up to a heated mayoral election.,https://image.tmdb.org/t/p/w500//ohzLPC9lHUWseBgB7HRcz0GBkFb.jpg,4.4,"Horror, Thriller, Comedy"
1195585,The Hard Hit,"An Interpol agent hunting the head of a global crime syndicate tracks his target to Las Vegas, but when the criminal organization kills his wife and daughter, he goes above the law to get his revenge.",https://image.tmdb.org/t/p/w500//whkFbOZTamHeugEG95jvQehSzAH.jpg,6.778,"Action, Thriller, Crime"
1010581,My Fault,"Noah must leave her city, boyfriend, and friends to move into William Leister's mansion, the flashy and wealthy husband of her mother Rafaela. As a proud and independent 17 year old, Noah resists living in a mansion surrounded by luxury. However, it is there where she meets Nick, her new stepbrother, and the clash of their strong personalities becomes evident from the very beginning.",https://image.tmdb.org/t/p/w500//w46Vw536HwNnEzOa7J24YH9DPRS.jpg,7.8,"Romance, Drama"
1195430,Deva,"Dev Ambre, a ruthless cop, loses his memory in an accident just after he has finished solving a murder case and now has to reinvestigate it while keeping his memory loss a secret from everyone except DCP Farhan Khan.",https://image.tmdb.org/t/p/w500//qxtXzAlEPxmjHILU8k8wduvBSdo.jpg,6.1,"Action, Thriller, Mystery, Crime"
986056,Thunderbolts*,"After finding themselves ensnared in a death trap, seven disillusioned castoffs must embark on a dangerous mission that will force them to confront the darkest corners of their pasts.",https://image.tmdb.org/t/p/w500//c16qiyBKjBFKSVgLr0saiT5pKwd.jpg,8.1,"Action, Adventure, Drama"
206647,Spectre,"A cryptic message from Bond’s past sends him on a trail to uncover a sinister organization. While M battles political forces to keep the secret service alive, Bond peels back the layers of deceit to reveal the terrible truth behind SPECTRE.",https://image.tmdb.org/t/p/w500//zj8ongFhtWNsVlfjOGo8pSr7PQg.jpg,6.558,"Action, Adventure, Thriller"
346685,The Girl on the Train,"Rachel Watson, devastated by her recent divorce, spends her daily commute fantasizing about the seemingly perfect couple who live in a house that her train passes every day, until one morning she sees something shocking happen there and becomes entangled in the mystery that unfolds.",https://image.tmdb.org/t/p/w500//AhTO2QWG0tug7yDoh0XoaMhPt3J.jpg,6.441,"Thriller, Mystery, Drama, Crime"
376867,Moonlight,"The tender, heartbreaking story of a young man’s struggle to find himself, told across three defining chapters in his life as he experiences the ecstasy, pain, and beauty of falling in love, while grappling with his own sexuality.",https://image.tmdb.org/t/p/w500//rcICfiL9fvwRjoWHxW8QeroLYrJ.jpg,7.4,Drama
1297763,Batman Ninja vs. Yakuza League,"The Batman family has returned to the present to discover that Japan has disappeared, and a giant island - Hinomoto - is now in the sky over Gotham City.  At the top sit the Yakuza, a group of superpowered individuals who reign without honor or humanity and look suspiciously like the Justice League. Now, it’s up to Batman and his allies to save Gotham!",https://image.tmdb.org/t/p/w500//sVVT6GYFErVv0Lcc9NvqCu0iOxO.jpg,6.62,"Animation, Action"
769,GoodFellas,"The true story of Henry Hill, a half-Irish, half-Sicilian Brooklyn kid who is adopted by neighbourhood gangsters at an early age and climbs the ranks of a Mafia family under the guidance of Jimmy Conway.",https://image.tmdb.org/t/p/w500//aKuFiU82s5ISJpGZp7YkIr3kCUd.jpg,8.455,"Drama, Crime"
1356039,Counterattack,"When a hostage rescue mission creates a new enemy, Capt. Guerrero and his elite soldiers must face an ambush by a criminal group.",https://image.tmdb.org/t/p/w500//38I76hGcFY6xB47pjm7pZwkfuAF.jpg,8.379,"Action, Adventure, Thriller"
3600,I Still Know What You Did Last Summer,"Ever since killing the Fisherman one year ago, Julie James is still haunted by images of him after her. When her best friend Karla wins free tickets to the Bahamas, Julie finds this a perfect opportunity to finally relax. But someone is waiting for her. Someone who she thought was dead. Someone who is out again for revenge.",https://image.tmdb.org/t/p/w500//motBJIO921LFZkoGKCSbmSCVHBc.jpg,5.359,"Horror, Mystery, Thriller"
533535,Deadpool & Wolverine,"A listless Wade Wilson toils away in civilian life with his days as the morally flexible mercenary, Deadpool, behind him. But when his homeworld faces an existential threat, Wade must reluctantly suit-up again with an even more reluctant Wolverine.",https://image.tmdb.org/t/p/w500//8cdWjvZQUExUUTzyp4t6EDMubfO.jpg,7.6,"Action, Comedy, Science Fiction"
1189423,The Sloth Lane,"After a terrifying storm destroys their home, a speedy sloth named Laura and her kooky family move to the big city in their rusted old food truck, Gordito, hoping to make their business a success. The family's delicious food catches the eye of a quick-witted cheetah who will stop at nothing to revive her failing fast-food business.",https://image.tmdb.org/t/p/w500//toBN1A9AnhoUzXyu9gaVyQVJehp.jpg,6.458,"Animation, Family"
1321952,"Sofia, the Possession","My mother vanished inside the boarding school where she worked. Through a Ouija board, she told me to look for her. My name is Sofia. I'm 14 years old and I'm going to enroll at the boarding school to find the body of my mother.",https://image.tmdb.org/t/p/w500//kYbd7M1dk2xadHd2WczQRmO28uJ.jpg,7.2,Horror
912649,Venom: The Last Dance,"Eddie and Venom are on the run. Hunted by both of their worlds and with the net closing in, the duo are forced into a devastating decision that will bring the curtains down on Venom and Eddie's last dance.",https://image.tmdb.org/t/p/w500//vGXptEdgZIhPg3cGlc7e8sNPC2e.jpg,6.8,"Action, Science Fiction, Adventure"
1208808,Turno nocturno,"A young nurse with a domestic abuse past starts working the night shift at a small hospital, where, during the night, the ghost of a nurse materializes.",https://image.tmdb.org/t/p/w500//iSSx9Bys64vlOkvkyKXtp19P7Re.jpg,6.3,Horror
284053,Thor: Ragnarok,"Thor is imprisoned on the other side of the universe and finds himself in a race against time to get back to Asgard to stop Ragnarok, the destruction of his home-world and the end of Asgardian civilization, at the hands of a powerful new threat, the ruthless Hela.",https://image.tmdb.org/t/p/w500//rzRwTcFvttcN1ZpX2xv4j3tSdJu.jpg,7.584,"Action, Adventure, Science Fiction"
346672,Underworld: Blood Wars,"Vampire death dealer Selene fends off brutal attacks from both the Lycan clan and the Vampire faction that betrayed her. With her only allies, David and his father Thomas, she must stop the eternal war between Lycans and Vampires, even if it means she has to make the ultimate sacrifice.",https://image.tmdb.org/t/p/w500//v1ciDCWMG47gdT4kMyjyQbnLQQn.jpg,5.9,"Fantasy, Action, Thriller, Science Fiction"
38575,The Karate Kid,"Twelve-year-old Dre Parker could have been the most popular kid in Detroit, but his mother's latest career move has landed him in China. Dre immediately falls for his classmate Mei Ying but the cultural differences make such a friendship impossible. Even worse, Dre's feelings make him an enemy of the class bully, Cheng. With no friends in a strange land, Dre has nowhere to turn but maintenance man Mr. Han, who is a kung fu master. As Han teaches Dre that kung fu is not about punches and parries, but maturity and calm, Dre realizes that facing down the bullies will be the fight of his life.",https://image.tmdb.org/t/p/w500//qV8xTWfknTOSErSa0b9Iay2QztS.jpg,6.547,"Action, Adventure, Drama, Family"
519182,Despicable Me 4,"Gru and Lucy and their girls—Margo, Edith and Agnes—welcome a new member to the Gru family, Gru Jr., who is intent on tormenting his dad. Gru also faces a new nemesis in Maxime Le Mal and his femme fatale girlfriend Valentina, forcing the family to go on the run.",https://image.tmdb.org/t/p/w500//wWba3TaojhK7NdycRhoQpsG0FaH.jpg,7.048,"Animation, Family, Comedy, Science Fiction"
1585,It's a Wonderful Life,"A holiday favourite for generations...  George Bailey has spent his entire life giving to the people of Bedford Falls.  All that prevents rich skinflint Mr. Potter from taking over the entire town is George's modest building and loan company.  But on Christmas Eve the business's $8,000 is lost and George's troubles begin.",https://image.tmdb.org/t/p/w500//bSqt9rhDZx1Q7UZ86dBPKdNomp2.jpg,8.276,"Drama, Family, Fantasy"
1165067,Cosmic Chaos,"Battles in virtual reality, survival in a post-apocalyptic wasteland, a Soviet spaceship giving a distress signal - Fantastic stories created with advanced special effects and passion.",https://image.tmdb.org/t/p/w500//mClzWv7gBqgXfjZXp49Enyoex1v.jpg,6.064,"Thriller, Science Fiction"
533535,Deadpool & Wolverine,"A listless Wade Wilson toils away in civilian life with his days as the morally flexible mercenary, Deadpool, behind him. But when his homeworld faces an existential threat, Wade must reluctantly suit-up again with an even more reluctant Wolverine.",https://image.tmdb.org/t/p/w500//8cdWjvZQUExUUTzyp4t6EDMubfO.jpg,7.6,"Action, Comedy, Science Fiction"
1086548,Vera and the Pleasure of Others,"17-year-old Vera divides her days between volleyball and school and has a good time with friends like an average teenager. She appears to be a perfect daughter who never gets into trouble. But she has a secret hobby: she anonymously rents out an empty apartment to teenagers looking for a place to have sex. She steals the keys from her distracted mother (who manages different properties) and organizes everything. The teenagers come and go, using the apartment for a few uninterrupted hours making Vera the saviour of all their needs. With that she unlocks a new world for herself – playing invisible, Vera stays behind the closed door; her own sexual desires unfolding as she listens to other people’s pleasure.",https://image.tmdb.org/t/p/w500//e0ESGyso9K95glbbnTRenFfCC7l.jpg,6.9,"Comedy, Drama"
2667,The Blair Witch Project,"In October of 1994 three student filmmakers disappeared in the woods near Burkittsville, Maryland, while shooting a documentary. A year later their footage was found.",https://image.tmdb.org/t/p/w500//9050VGrYjYrEjpOvDZVAngLbg1f.jpg,6.351,"Horror, Mystery"
10925,The Return of the Living Dead,"When foreman Frank shows new employee Freddy a secret military experiment in a supply warehouse in Louisville, Kentucky, the two klutzes accidentally release a gas that reanimates corpses into flesh-eating zombies. As the epidemic spreads throughout the town, and the creatures satisfy their hunger in gory and outlandish ways, Frank and Freddy fight to survive with the help of their boss and a mysterious mortician.",https://image.tmdb.org/t/p/w500//qVTFBabgnWz4jZ8wOQRYZI5EITF.jpg,7.2,"Horror, Comedy, Science Fiction"
343668,Kingsman: The Golden Circle,"When an attack on the Kingsman headquarters takes place and a new villain rises, Eggsy and Merlin are forced to work together with the American agency known as the Statesman to save the world.",https://image.tmdb.org/t/p/w500//34xBL6BXNYFqtHO9zhcgoakS4aP.jpg,6.958,"Action, Adventure, Comedy, Crime, Thriller, Science Fiction"
302946,The Accountant,"As a math savant uncooks the books for a new client, the Treasury Department closes in on his activities and the body count starts to rise.",https://image.tmdb.org/t/p/w500//fceheXB5fC4WrLVuWJ6OZv9FXYr.jpg,7.1,"Crime, Thriller, Drama"
519182,Despicable Me 4,"Gru and Lucy and their girls—Margo, Edith and Agnes—welcome a new member to the Gru family, Gru Jr., who is intent on tormenting his dad. Gru also faces a new nemesis in Maxime Le Mal and his femme fatale girlfriend Valentina, forcing the family to go on the run.",https://image.tmdb.org/t/p/w500//wWba3TaojhK7NdycRhoQpsG0FaH.jpg,7.048,"Animation, Family, Comedy, Science Fiction"
700391,65,"65 million years ago, the only 2 survivors of a spaceship from Somaris that crash-landed on Earth, must fend off dinosaurs to reach the escape vessel in time before an imminent asteroid strike threatens to destroy the planet.",https://image.tmdb.org/t/p/w500//rzRb63TldOKdKydCvWJM8B6EkPM.jpg,5.977,"Action, Adventure, Science Fiction"
539972,Kraven the Hunter,"Kraven Kravinoff's complex relationship with his ruthless gangster father, Nikolai, starts him down a path of vengeance with brutal consequences, motivating him to become not only the greatest hunter in the world, but also one of its most feared.",https://image.tmdb.org/t/p/w500//1GvBhRxY6MELDfxFrete6BNhBB5.jpg,6.599,"Action, Adventure, Thriller"
558449,Gladiator II,"Years after witnessing the death of the revered hero Maximus at the hands of his uncle, Lucius is forced to enter the Colosseum after his home is conquered by the tyrannical Emperors who now lead Rome with an iron fist. With rage in his heart and the future of the Empire at stake, Lucius must look to his past to find strength and honor to return the glory of Rome to its people.",https://image.tmdb.org/t/p/w500//2cxhvwyEwRlysAmRH4iodkvo0z5.jpg,6.748,"Action, Adventure, Drama"
284053,Thor: Ragnarok,"Thor is imprisoned on the other side of the universe and finds himself in a race against time to get back to Asgard to stop Ragnarok, the destruction of his home-world and the end of Asgardian civilization, at the hands of a powerful new threat, the ruthless Hela.",https://image.tmdb.org/t/p/w500//rzRwTcFvttcN1ZpX2xv4j3tSdJu.jpg,7.584,"Action, Adventure, Science Fiction"
1064486,Memoir of a Snail,"Forcibly separated from her twin brother when they are orphaned, a melancholic misfit learns how to find confidence within herself amid the clutter of misfortunes and everyday life.",https://image.tmdb.org/t/p/w500//57AgZv1ITeBLShiNdchZ5153evs.jpg,7.987,"Animation, Drama, Comedy"
1165067,Cosmic Chaos,"Battles in virtual reality, survival in a post-apocalyptic wasteland, a Soviet spaceship giving a distress signal - Fantastic stories created with advanced special effects and passion.",https://image.tmdb.org/t/p/w500//mClzWv7gBqgXfjZXp49Enyoex1v.jpg,6.064,"Thriller, Science Fiction"
1087891,The Amateur,"After his life is turned upside down when his wife is killed in a London terrorist attack, a brilliant but introverted CIA decoder takes matters into his own hands when his supervisors refuse to take action.",https://image.tmdb.org/t/p/w500//SNEoUInCa5fAgwuEBMIMBGvkkh.jpg,6.729,"Thriller, Action"
37799,The Social Network,"In 2003, Harvard undergrad and computer programmer Mark Zuckerberg begins work on a new concept that eventually turns into the global social network known as Facebook. Six years later, Mark is one of the youngest billionaires ever, but his unprecedented success leads to both personal and legal complications when he ends up on the receiving end of two lawsuits, one involving his former friend.",https://image.tmdb.org/t/p/w500//n0ybibhJtQ5icDqTp8eRytcIHJx.jpg,7.369,Drama
339967,Colossal,A woman discovers that severe catastrophic events are somehow connected to the mental breakdown from which she's suffering.,https://image.tmdb.org/t/p/w500//4VOyofBd1pexblxtDZYtYIk7NI4.jpg,6.281,"Drama, Fantasy, Science Fiction"
1225915,Jewel Thief: The Heist Begins,"In this high-octane battle of wits and wills, ingenious con artist Rehan devises a diamond heist while trying to outsmart Rajan, his sadistic adversary.",https://image.tmdb.org/t/p/w500//eujLbO0kf1eqWC8XpHUJdtAVW2J.jpg,6.7,"Action, Thriller"
343674,Gerald's Game,"When her husband's sex game goes wrong, Jessie (who is handcuffed to a bed in a remote lake house) faces warped visions, dark secrets and a dire choice.",https://image.tmdb.org/t/p/w500//32dippiypDdaKv7XFEfUlQ7kPup.jpg,6.394,"Horror, Thriller"
667216,Infinity Pool,"While staying at an isolated island resort, James and Em are enjoying a perfect vacation of pristine beaches, exceptional staff, and soaking up the sun. But guided by the seductive and mysterious Gabi, they venture outside the resort grounds and find themselves in a culture filled with violence, hedonism, and untold horror. A tragic accident leaves them facing a zero tolerance policy for crime: either you'll be executed, or, if you’re rich enough to afford it, you can watch yourself die instead.",https://image.tmdb.org/t/p/w500//cQKyNm0Nz6KWiDBQF9w4aZAmOfC.jpg,6.063,"Horror, Science Fiction"
1212855,Fight or Flight,A mercenary takes on the job of tracking down a target on a plane but must protect her when they're surrounded by people trying to kill both of them.,https://image.tmdb.org/t/p/w500//x4nWnfgJvL045rcUCSJzfgIIY9i.jpg,5.667,"Action, Comedy, Thriller"
339846,Baywatch,"Devoted lifeguard Mitch Buchannon butts heads with a brash new recruit. Together, they uncover a local criminal plot that threatens the future of the Bay.",https://image.tmdb.org/t/p/w500//6HE4xd8zloDqmjMZuhUCCw2UcY1.jpg,6.092,"Comedy, Action, Crime"
1103432,Bloody Escape: Bats out of Hell,"After being turned into a cyborg, Kisaragi faces pursuit from vampires and vengeful yakuza.",https://image.tmdb.org/t/p/w500//lWKtVX5oEgcLbMYMaWiyes6c4IB.jpg,5.333,"Animation, Action, Science Fiction"
1261050,The Quiet Ones,"In 2008, a group of men from Denmark and across Europe pull off the biggest heist of all time on Danish soil. Kasper, a boxer with few chances left in life, is offered the opportunity to plan the robbery by its foreign initiators.",https://image.tmdb.org/t/p/w500//7NLY1jNwtZX1yVzwVoBeAhaBE8i.jpg,5.83,"Action, Drama"
700391,65,"65 million years ago, the only 2 survivors of a spaceship from Somaris that crash-landed on Earth, must fend off dinosaurs to reach the escape vessel in time before an imminent asteroid strike threatens to destroy the planet.",https://image.tmdb.org/t/p/w500//rzRb63TldOKdKydCvWJM8B6EkPM.jpg,5.977,"Action, Adventure, Science Fiction"
1226572,Superboys of Malegaon,"The residents of Malegaon look to Bollywood cinema for a much-needed escape from daily drudgery. Amateur filmmaker Nasir Shaikh gets inspired to make a film for the people of Malegaon, by the people of Malegaon. He bands together his ragtag group of friends to bring his vision to life, thereby bringing a fresh lease of life into the town.",https://image.tmdb.org/t/p/w500//l5PDjfWpC9uY5HdF5cbsJ4wjqoq.jpg,7.9,"Comedy, Drama"
933260,The Substance,"A fading celebrity decides to use a black market drug, a cell-replicating substance that temporarily creates a younger, better version of herself.",https://image.tmdb.org/t/p/w500//evdF1vmLzuzH8EFblqAXBXWRGSi.jpg,7.139,"Horror, Science Fiction"
927342,Amaran,"A heroic true story of Major Mukund Varadarajan, an Indian Army officer who displayed extraordinary bravery during a counterterrorism mission in Kashmir’s Shopian district. The film captures his courage in protecting his nation and the devotion of his wife Indhu Rebecaa Varghese.",https://image.tmdb.org/t/p/w500//eCB06m1KUGilEOlIzb40nkQhVY0.jpg,7.396,"Action, Drama, Adventure, War"
1405338,Demon City,"Framed for his family's murder and left for dead, an ex-hitman will stop at nothing to exact revenge on the masked ""demons"" who have taken over his city.",https://image.tmdb.org/t/p/w500//g5PqsFFrayyRL1Ldgib2lMYuJXg.jpg,6.927,"Action, Crime, Fantasy, Thriller"
1184918,The Wild Robot,"After a shipwreck, an intelligent robot called Roz is stranded on an uninhabited island. To survive the harsh environment, Roz bonds with the island's animals and cares for an orphaned baby goose.",https://image.tmdb.org/t/p/w500//9w0Vh9eizfBXrcomiaFWTIPdboo.jpg,8.323,"Animation, Science Fiction, Family"
37799,The Social Network,"In 2003, Harvard undergrad and computer programmer Mark Zuckerberg begins work on a new concept that eventually turns into the global social network known as Facebook. Six years later, Mark is one of the youngest billionaires ever, but his unprecedented success leads to both personal and legal complications when he ends up on the receiving end of two lawsuits, one involving his former friend.",https://image.tmdb.org/t/p/w500//n0ybibhJtQ5icDqTp8eRytcIHJx.jpg,7.369,Drama
1104845,Plankton: The Movie,Plankton's tangled love story with his sentient computer wife goes sideways when she takes a stand — and decides to destroy the world without him.,https://image.tmdb.org/t/p/w500//hGaUNLF5VZbg9ovPTyjm9Rv5xWz.jpg,6.715,"Animation, Adventure, Comedy, Family, Fantasy"
1241436,Warfare,"A platoon of Navy SEALs embarks on a dangerous mission in Ramadi, Iraq, with the chaos and brotherhood of war retold through their memories of the event.",https://image.tmdb.org/t/p/w500//oXsDTDt1MqxJreROd2cbd2FMOZ2.jpg,7.2,"War, Action"
680,Pulp Fiction,"A burger-loving hit man, his philosophical partner, a drug-addled gangster's moll and a washed-up boxer converge in this sprawling, comedic crime caper. Their adventures unfurl in three stories that ingeniously trip back and forth in time.",https://image.tmdb.org/t/p/w500//vQWk5YBFWF4bZaofAbv0tShwBvQ.jpg,8.489,"Thriller, Crime"
339967,Colossal,A woman discovers that severe catastrophic events are somehow connected to the mental breakdown from which she's suffering.,https://image.tmdb.org/t/p/w500//4VOyofBd1pexblxtDZYtYIk7NI4.jpg,6.281,"Drama, Fantasy, Science Fiction"
575265,Mission: Impossible - The Final Reckoning,"Ethan Hunt and the IMF team continue their search for the terrifying AI known as the Entity - which has infiltrated intelligence networks all over the globe - with the world's governments and a mysterious ghost from Ethan's past on their trail. Joined by new allies and armed with the means to shut the Entity down for good, Hunt is in a race against time to prevent the world as we know it from changing forever.",https://image.tmdb.org/t/p/w500//z53D72EAOxGRqdr7KXXWp9dJiDe.jpg,0.0,"Action, Adventure, Thriller"
1022789,Inside Out 2,"Teenager Riley's mind headquarters is undergoing a sudden demolition to make room for something entirely unexpected: new Emotions! Joy, Sadness, Anger, Fear and Disgust, who’ve long been running a successful operation by all accounts, aren’t sure how to feel when Anxiety shows up. And it looks like she’s not alone.",https://image.tmdb.org/t/p/w500//vpnVM9B6NMmQpWeZvzLvDESb2QY.jpg,7.556,"Animation, Adventure, Comedy, Family"
4233,Scream 2,"Two years after the first series of murders, as Sidney Prescott acclimates to college life, someone donning the Ghostface costume begins a new string of killings.",https://image.tmdb.org/t/p/w500//dORlVasiaDkJXTqt9bdH7nFNs6C.jpg,6.494,"Horror, Mystery"
167073,Brooklyn,"In 1950s Ireland and New York, young Eilis Lacey has to choose between two men and two countries.",https://image.tmdb.org/t/p/w500//cs7W8j5lI7qzRW6tKSj9p1Q0Ze7.jpg,7.313,"Romance, Drama, History"
1452267,Cocoon: Aru Natsu no Shoujo-tachi yori,"San and Mayu are two schoolgirls living in Okinawa during the closing months of the Pacific War. Together with their classmates, the two friends are drafted into the war effort as nurses for wounded soldiers. When ordered to die for their country, the remaining members of the group escape only to face the harsh environment of a tropical paradise that has become a hellish battlefield.",https://image.tmdb.org/t/p/w500//mwTk1RsRCJNPacc0X3PWsxuHzQv.jpg,8.0,"Animation, Drama, War"
1225915,Jewel Thief: The Heist Begins,"In this high-octane battle of wits and wills, ingenious con artist Rehan devises a diamond heist while trying to outsmart Rajan, his sadistic adversary.",https://image.tmdb.org/t/p/w500//eujLbO0kf1eqWC8XpHUJdtAVW2J.jpg,6.7,"Action, Thriller"
2667,The Blair Witch Project,"In October of 1994 three student filmmakers disappeared in the woods near Burkittsville, Maryland, while shooting a documentary. A year later their footage was found.",https://image.tmdb.org/t/p/w500//9050VGrYjYrEjpOvDZVAngLbg1f.jpg,6.351,"Horror, Mystery"
1304594,Una pequeña confusión,"Lola and Cuau, a progressive middle-class pair, and Iñigo and Majo, a young conservative, well-heeled duo, turn to artificial insemination as a last resort to have children. In a madcap twist based on actual events, a mix-up at the clinic results in each mom-to-be carrying the other one's baby.",https://image.tmdb.org/t/p/w500//ApXr9phfcvIX06tLGhxOH2kmndb.jpg,7.578,Comedy
1282980,825 Forest Road,"After a family tragedy, Chuck Wilson hopes to start a new life in Ashland Falls with his wife Maria and little sister Elizabeth, but he quickly discovers that the town has a dark history of being haunted by a ghostly woman who drives residents to suicide.",https://image.tmdb.org/t/p/w500//ohESp5Nw49OD4ExCeNYCEIGX2iq.jpg,6.083,"Horror, Thriller"
1029880,Nightwatch: Demons Are Forever,"Martin's daughter, Emma, takes up a night watch job to find out what happened to her parents almost thirty years ago. A meeting with Wörmer in his cell pulls the serial killer out of his coma and sets in motion a chain of fateful events.",https://image.tmdb.org/t/p/w500//7Bj9qbmTiBdOmVlHeQqoEjsDxul.jpg,5.975,"Horror, Thriller, Mystery"
2609,"Planes, Trains and Automobiles","An irritable marketing executive, Neal Page, is heading home to Chicago for Thanksgiving when a number of delays force him to travel with a well meaning but overbearing shower curtain ring salesman, Del Griffith.",https://image.tmdb.org/t/p/w500//3RSucVsX96Ste8WDJfZP1hbNGqQ.jpg,7.251,Comedy
774370,Dog Man,"When a faithful police dog and his human police officer owner are injured together on the job, a harebrained but life-saving surgery fuses the two of them together and Dog Man is born. Dog Man is sworn to protect and serve—and fetch, sit and roll over. As Dog Man embraces his new identity and strives to impress his Chief, he must stop the pretty evil plots of feline supervillain Petey the Cat.",https://image.tmdb.org/t/p/w500//89wNiexZdvLQ41OQWIsQy4O6jAQ.jpg,7.8,"Family, Comedy, Adventure, Animation"
1156593,Your Fault,The love between Noah and Nick seems unwavering despite their parents' attempts to separate them. But his job and her entry into college open up their lives to new relationships that will shake the foundations of both their relationship and the Leister family itself.,https://image.tmdb.org/t/p/w500//1sQA7lfcF9yUyoLYC0e6Zo3jmxE.jpg,7.145,"Romance, Drama"
1294203,My Fault: London,"18-year-old Noah moves from America to London, with her mother who's recently fallen in love with William, a wealthy British businessman. Noah meets William’s son, bad-boy Nick, and soon discovers there is an attraction between them neither can avoid. As Noah spends the summer adjusting to her new life, her devastating past will catch up with her while falling in love for the first time.",https://image.tmdb.org/t/p/w500//ttN5D6GKOwKWHmCzDGctAvaNMAi.jpg,7.457,"Romance, Drama"
343674,Gerald's Game,"When her husband's sex game goes wrong, Jessie (who is handcuffed to a bed in a remote lake house) faces warped visions, dark secrets and a dire choice.",https://image.tmdb.org/t/p/w500//32dippiypDdaKv7XFEfUlQ7kPup.jpg,6.394,"Horror, Thriller"
7451,xXx,"Xander Cage is your standard adrenaline junkie with no fear and a lousy attitude. When the US Government ""recruits"" him to go on a mission, he's not exactly thrilled. His mission: to gather information on an organization that may just be planning the destruction of the world, led by the nihilistic Yorgi.",https://image.tmdb.org/t/p/w500//xeEw3eLeSFmJgXZzmF2Efww0q3s.jpg,5.938,"Action, Adventure, Thriller, Crime"
279,Amadeus,Disciplined Italian composer Antonio Salieri becomes consumed by jealousy and resentment towards the hedonistic and remarkably talented young Viennese composer Wolfgang Amadeus Mozart.,https://image.tmdb.org/t/p/w500//1n5VUlCqgmVax1adxGZm8oCFaKc.jpg,8.024,"History, Music, Drama"
423204,Angel Has Fallen,"After a treacherous attack, Secret Service agent Mike Banning is charged with attempting to assassinate President Trumbull. Chased by his own colleagues and the FBI, Banning begins a race against the clock to clear his name.",https://image.tmdb.org/t/p/w500//fapXd3v9qTcNBTm39ZC4KUVQDNf.jpg,6.592,"Action, Thriller"
1079311,The Kingdom,"Teenage Lesia is taken by a man to a villa where her fugitive father and his men are hiding. A war erupts, leading to death and a chase where father and daughter bond.",https://image.tmdb.org/t/p/w500//6sR2P5P5SE8wZwMsfsLCO7J7Drp.jpg,7.2,"Drama, Thriller, Crime"
497698,Black Widow,"Natasha Romanoff, also known as Black Widow, confronts the darker parts of her ledger when a dangerous conspiracy with ties to her past arises. Pursued by a force that will stop at nothing to bring her down, Natasha must deal with her history as a spy and the broken relationships left in her wake long before she became an Avenger.",https://image.tmdb.org/t/p/w500//kwB7d51AIcyzPOBOHLCEZJkmPhQ.jpg,7.208,"Action, Adventure, Science Fiction"
597,Titanic,"101-year-old Rose DeWitt Bukater tells the story of her life aboard the Titanic, 84 years later. A young Rose boards the ship with her mother and fiancé. Meanwhile, Jack Dawson and Fabrizio De Rossi win third-class tickets aboard the ship. Rose tells the whole story from Titanic's departure through to its death—on its first and last voyage—on April 15, 1912.",https://image.tmdb.org/t/p/w500//9xjZS2rlVxm8SFx8kPC3aIGCOYQ.jpg,7.905,"Drama, Romance"
667216,Infinity Pool,"While staying at an isolated island resort, James and Em are enjoying a perfect vacation of pristine beaches, exceptional staff, and soaking up the sun. But guided by the seductive and mysterious Gabi, they venture outside the resort grounds and find themselves in a culture filled with violence, hedonism, and untold horror. A tragic accident leaves them facing a zero tolerance policy for crime: either you'll be executed, or, if you’re rich enough to afford it, you can watch yourself die instead.",https://image.tmdb.org/t/p/w500//cQKyNm0Nz6KWiDBQF9w4aZAmOfC.jpg,6.063,"Horror, Science Fiction"
28597,Problem Child 2,"Junior and his father, Ben, move from Cold River to Mortville. Junior becomes threatened by Ben's desire to date again and find a new mother for Junior, and sabotages each of his dates.",https://image.tmdb.org/t/p/w500//npr7j2HuRgvsKrXLIxIiXevTH8A.jpg,5.881,"Comedy, Family"
1160956,Panda Plan,"International action star Jackie Chan is invited to the adoption ceremony of a rare baby panda, but after an international crime syndicate attempts to kidnap the bear, Jackie has to save the bear using his stunt work skills.",https://image.tmdb.org/t/p/w500//8iMPQl13q89jQhaA5nXb6UiT0t0.jpg,6.9,"Action, Comedy"
294963,Bone Tomahawk,"During a shootout in a saloon, Sheriff Hunt injures a suspicious stranger. The doctor's assistant, wife of the local foreman, tends to him in prison. That night, the town is attacked and they both disappear—only the arrow of a cannibal tribe is found. Hunt and a few of his men go in search of the prisoner and the foreman's wife.",https://image.tmdb.org/t/p/w500//4MmTHpn2Y8emqvBgvOjufImUmKZ.jpg,6.9,"Western, Horror, Drama"
281957,The Revenant,"In the 1820s, a frontiersman, Hugh Glass, sets out on a path of vengeance against those who left him for dead after a bear mauling.",https://image.tmdb.org/t/p/w500//ji3ecJphATlVgWNY0B0RVXZizdf.jpg,7.534,"Western, Drama, Adventure"
157336,Interstellar,The adventures of a group of explorers who make use of a newly discovered wormhole to surpass the limitations on human space travel and conquer the vast distances involved in an interstellar voyage.,https://image.tmdb.org/t/p/w500//gEU2QniE6E77NI6lCU6MxlNBvIx.jpg,8.454,"Adventure, Drama, Science Fiction"
429,"The Good, the Bad and the Ugly","While the Civil War rages on between the Union and the Confederacy, three men – a quiet loner, a ruthless hitman, and a Mexican bandit – comb the American Southwest in search of a strongbox containing $200,000 in stolen gold.",https://image.tmdb.org/t/p/w500//bX2xnavhMYjWDoZp1VM6VnU1xwe.jpg,8.463,Western
1233575,Black Bag,"When intelligence agent Kathryn Woodhouse is suspected of betraying the nation, her husband – also a legendary agent – faces the ultimate test of whether to be loyal to his marriage, or his country.",https://image.tmdb.org/t/p/w500//hHPovtU4b96LHcoeEwRkGHI5btw.jpg,6.301,"Drama, Mystery, Thriller"
411,"The Chronicles of Narnia: The Lion, the Witch and the Wardrobe","Siblings Lucy, Edmund, Susan and Peter step through a magical wardrobe and find the land of Narnia. There, they discover a charming, once peaceful kingdom that has been plunged into eternal winter by the evil White Witch, Jadis. Aided by the wise and magnificent lion, Aslan, the children lead Narnia into a spectacular, climactic battle to be free of the Witch's glacial powers forever.",https://image.tmdb.org/t/p/w500//iREd0rNCjYdf5Ar0vfaW32yrkm.jpg,7.134,"Adventure, Family, Fantasy"
1064213,Anora,"A young sex worker from Brooklyn gets her chance at a Cinderella story when she meets and impulsively marries the son of an oligarch. Once the news reaches Russia, her fairytale is threatened as his parents set out to get the marriage annulled.",https://image.tmdb.org/t/p/w500//7MrgIUeq0DD2iF7GR6wqJfYZNeC.jpg,7.1,"Drama, Comedy, Romance"
1114137,Birdeater,"A bride-to-be is invited to her own fiancé's bachelor party, but when uncomfortable details about their relationship are exposed, the night takes a feral turn.",https://image.tmdb.org/t/p/w500//dCyLLAINVblprot2cn5OZf0G0PA.jpg,4.773,"Thriller, Drama, Horror"
1388366,Popeye the Slayer Man,"A curious group of friends sneak into an abandoned spinach canning factory to film a documentary on the legend of the ""Sailor Man,"" who is said to haunt the factory and local docks.",https://image.tmdb.org/t/p/w500//nVwu3mN7hr1yF467pGct3yQFM41.jpg,5.921,Horror
845781,Red One,"After Santa Claus (codename: Red One) is kidnapped, the North Pole's Head of Security must team up with the world's most infamous tracker in a globe-trotting, action-packed mission to save Christmas.",https://image.tmdb.org/t/p/w500//cdqLnri3NEGcmfnqwk2TSIYtddg.jpg,7.057,"Action, Comedy, Fantasy"
1302916,Heart Eyes,"When the ""Heart Eyes Killer"" strikes Seattle, a pair of co-workers pulling overtime on Valentine's Day are mistaken for a couple by the elusive couple-hunting killer. Now, they must spend the most romantic night of the year running for their lives.",https://image.tmdb.org/t/p/w500//ebqttF1Vjgde6uSFBEw9mta7Hd3.jpg,6.356,"Horror, Comedy, Romance"
1377424,Victoria,"Victoria, a young beautician in a suburban beauty parlour, decides to elope with her Hindu boyfriend after a fierce clash with her conservative Catholic parents. Amidst the turmoil, a neighbour asks her to temporarily house an offering rooster destined for a festival at St. George church inside the parlour. Juggling the rooster's antics, unexpected clients, and her boyfriend's uncertainty, Victoria grapples with conflicting emotions leading to a day of intense personal and spiritual revelations.",https://image.tmdb.org/t/p/w500//hw09PdM2o7pF1zxn1pM8NTMPzno.jpg,5.0,Drama
988402,Humanist Vampire Seeking Consenting Suicidal Person,"Sasha is a young vampire with a serious problem: she's too sensitive to kill. When her exasperated parents cut off her blood supply, Sasha's life is in jeopardy. Luckily, she meets Paul, a lonely teenager with suicidal tendencies who is willing to give his life to save hers. But their friendly agreement soon becomes a nocturnal quest to fulfill Paul's last wishes before day breaks.",https://image.tmdb.org/t/p/w500//m5OItLBY5T38ew1YI4VSIXjl5G2.jpg,7.393,"Romance, Comedy, Fantasy, Horror"
995926,"I, the Executioner","The veteran detective Seo Do-cheol and his team at Major Crimes, relentless in their pursuit of criminals, join forces with rookie cop Park Sun-woo to track down a serial killer who has plunged the nation into turmoil.",https://image.tmdb.org/t/p/w500//gAtP0usArK5gVOBObnsENKLwML8.jpg,6.959,"Action, Crime"
1077782,Old Guy,"Stuck at a dead end but vying for the love of spunky club manager Anata, aging contract killer Danny Dolinski is thrilled when The Company pulls him back in the field, but only to train Gen Z newcomer Wihlborg, a prodigy assassin with an attitude.",https://image.tmdb.org/t/p/w500//ulVVfNY8bmy1RbHfY4zi3fOwGzh.jpg,5.8,"Action, Comedy"
829557,365 Days: This Day,"Laura and Massimo are back and hotter than ever. But the reunited couple's new beginning is complicated by Massimo’s family ties and a mysterious man who enters Laura’s life to win her heart and trust, at any cost.",https://image.tmdb.org/t/p/w500//iLmG3HCXVyqXYbFvUO1rfOeGa3Z.jpg,5.9,"Romance, Drama"
1462199,How to Tame a Silver Fox,"Harper Reeves is just trying to finish up her senior year of Yale without being a completely friendless loser. However, when her party's suddenly crashed by her dad's best friend and mysterious business partner, Chris Collins, she realizes she'd much rather have been busted by the cops. Chris, always in over-protective mode, gets on Harper's nerves, until she realizes he needs to go. Together with her best friend Maria, she brainstorms Operation Seduction, planning to get Chris to fall in love with her so her dad will kick him out himself. But every time Chris saves Harper from trouble, she gets closer to realizing she may have feelings for him after all.",https://image.tmdb.org/t/p/w500//xs5ajCIA4ElplR1Om9dyNKSQXWr.jpg,7.5,"Romance, Comedy"
1217379,Hellhound,"Ready to leave his profession behind, Loreno, an assassin, lends help to an old friend, Cetan, and taking one last job in Thailand seeking out a local kingpin. A lapse in judgment means Loreno crosses paths with old colleague Paul.",https://image.tmdb.org/t/p/w500//f9hkaCIha8hIhRo0XXShhcosrPH.jpg,6.6,"Action, Crime, Thriller"
76600,Avatar: The Way of Water,"Set more than a decade after the events of the first film, learn the story of the Sully family (Jake, Neytiri, and their kids), the trouble that follows them, the lengths they go to keep each other safe, the battles they fight to stay alive, and the tragedies they endure.",https://image.tmdb.org/t/p/w500//t6HIqrRAclMCA60NsSmeqe9RmNV.jpg,7.611,"Science Fiction, Adventure, Action"
1147416,"Miraculous World: London, At the Edge of Time","To save the future from a terrible fate, Marinette becomes Chronobug and teams up with Bunnyx to defeat a mysterious opponent who travels through time. Who is this new supervillain, and why are they obsessed with exposing Marinette's secret superhero identity? Marinette's only hope is to defeat her new opponent to prevent the end of Ladybug and time itself!",https://image.tmdb.org/t/p/w500//6AtoMpHvs9pxd30KsyK8QmJ9W9M.jpg,7.3,"Animation, Adventure, Action, Fantasy"
1092,The Third Man,"In postwar Vienna, Austria, Holly Martins, a writer of pulp Westerns, arrives penniless as a guest of his childhood chum Harry Lime, only to learn he has died. Martins develops a conspiracy theory after learning of a ""third man"" present at the time of Harry's death, running into interference from British officer Major Calloway, and falling head-over-heels for Harry's grief-stricken lover, Anna.",https://image.tmdb.org/t/p/w500//rO2Fq0AZZx9obs52KJdx4mRE8p5.jpg,7.915,"Thriller, Mystery"
1249289,Alarum,"Two married spies caught in the crosshairs of an international intelligence network will stop at nothing to obtain a critical asset. Joe and Lara are agents living off the grid whose quiet retreat at a winter resort is blown to shreds when members of the old guard suspect the two may have joined an elite team of rogue spies, known as Alarum.",https://image.tmdb.org/t/p/w500//v313aUGmMNj6yNveaiQXysBmjVS.jpg,5.744,"Action, Crime, Thriller"
634649,Spider-Man: No Way Home,"Peter Parker is unmasked and no longer able to separate his normal life from the high-stakes of being a super-hero. When he asks for help from Doctor Strange the stakes become even more dangerous, forcing him to discover what it truly means to be Spider-Man.",https://image.tmdb.org/t/p/w500//1g0dhYtq4irTY1GPXvft6k4YLjm.jpg,7.945,"Action, Adventure, Science Fiction"
573435,Bad Boys: Ride or Die,"After their late former Captain is framed, Lowrey and Burnett try to clear his name, only to end up on the run themselves.",https://image.tmdb.org/t/p/w500//oGythE98MYleE6mZlGs5oBGkux1.jpg,7.385,"Action, Comedy, Crime, Thriller, Adventure"
198663,The Maze Runner,"Set in a post-apocalyptic world, young Thomas is deposited in a community of boys after his memory is erased, soon learning they're all trapped in a maze that will require him to join forces with fellow “runners” for a shot at escape.",https://image.tmdb.org/t/p/w500//ode14q7WtDugFDp78fo9lCsmay9.jpg,7.189,"Action, Mystery, Science Fiction, Thriller"
1260416,Anastasia,"Set 16 years after the execution of the Tsar and his family by the Bolsheviks. Exiles Prince Bounine and his friends come up with a scheme to con money by claiming an imposter to be Princess Anastasia who escaped the shootings. They find a poor woman who is close to suicide and both looks the part and speaks Russian. All they need to do is train her for her role, enough to convince other members of the ex-Royal household and family also in exile.",,4.0,"Drama, TV Movie"
497,The Green Mile,"A supernatural tale set on death row in a Southern prison, where gentle giant John Coffey possesses the mysterious power to heal people's ailments. When the cell block's head guard, Paul Edgecomb, recognizes Coffey's miraculous gift, he tries desperately to help stave off the condemned man's execution.",https://image.tmdb.org/t/p/w500//8VG8fDNiy50H4FedGwdSVUPoaJe.jpg,8.504,"Fantasy, Drama, Crime"
671,Harry Potter and the Philosopher's Stone,"Harry Potter has lived under the stairs at his aunt and uncle's house his whole life. But on his 11th birthday, he learns he's a powerful wizard—with a place waiting for him at the Hogwarts School of Witchcraft and Wizardry. As he learns to harness his newfound powers with the help of the school's kindly headmaster, Harry uncovers the truth about his parents' deaths—and about the villain who's to blame.",https://image.tmdb.org/t/p/w500//wuMc08IPKEatf9rnMNXvIDxqP4W.jpg,7.902,"Adventure, Fantasy"
4421,G.I. Jane,"In response to political pressure from Senator Lillian DeHaven, the U.S. Navy begins a program that would allow for the eventual integration of women into its combat services. The program begins with a single trial candidate, Lieutenant Jordan O'Neil, who is chosen specifically for her femininity. O'Neil enters the grueling Navy SEAL training program under the command of Master Chief John James Urgayle, who unfairly pushes O'Neil until her determination wins his respect.",https://image.tmdb.org/t/p/w500//6yBgZJYqaR4XkxwjsB9tS4GK1ZN.jpg,6.469,"Action, Drama"
424,Schindler's List,The true story of how businessman Oskar Schindler saved over a thousand Jewish lives from the Nazis while they worked as slaves in his factory during World War II.,https://image.tmdb.org/t/p/w500//sF1U4EUQS8YHUYjNl3pMGNIQyr0.jpg,8.6,"Drama, History, War"
945961,Alien: Romulus,"While scavenging the deep ends of a derelict space station, a group of young space colonizers come face to face with the most terrifying life form in the universe.",https://image.tmdb.org/t/p/w500//b33nnKl1GSFbao4l3fZDDqsMx0F.jpg,7.209,"Horror, Science Fiction"
808,Shrek,"It ain't easy bein' green -- especially if you're a likable (albeit smelly) ogre named Shrek. On a mission to retrieve a gorgeous princess from the clutches of a fire-breathing dragon, Shrek teams up with an unlikely compatriot -- a wisecracking donkey.",https://image.tmdb.org/t/p/w500//EKERKucZeBrkrR8xLDTkr5FeDc.jpg,7.75,"Animation, Comedy, Fantasy, Adventure, Family"
1249385,Ghost Game,"As part of an internet challenge to live undetected in a stranger’s home, a daring couple target an infamous haunted house and endure a series of chilling incidents as they witness a family descending into madness.",https://image.tmdb.org/t/p/w500//kxxWBEn7qTN2xumSferCHbDudcT.jpg,3.778,"Horror, Thriller"
359246,Hell House LLC,"Five years after an unexplained malfunction causes the death of 15 tour-goers and staff on the opening night of a Halloween haunted house tour, a documentary crew travels back to the scene of the tragedy to find out what really happened.",https://image.tmdb.org/t/p/w500//cWVsgCuLaPub8wD5cMBVIxFZaVc.jpg,6.5,"Horror, Mystery, Thriller"
1357633,Solo Leveling -ReAwakening-,"Over a decade after 'gates' connecting worlds appeared, awakening 'hunters' with superpowers, weakest hunter Sung Jinwoo encounters a double dungeon and accepts a mysterious quest, becoming the only one able to level up, changing his fate. A catch-up recap of the first season coupled with an exclusive sneak peek of the first two episodes of the highly anticipated second season in one momentous theatrical fan experience.",https://image.tmdb.org/t/p/w500//dblIFen0bNZAq8icJXHwrjfymDW.jpg,7.049,"Action, Adventure, Fantasy, Animation"
980477,Ne Zha 2,"Following the Tribulation, although the souls of Ne Zha and Ao Bing were preserved, their physical bodies will soon be destroyed. Tai Yi Zhen Ren plans to use the Seven Colored Lotus to reshape their physical forms, but encounters numerous difficulties. What will become of Ne Zha and Ao Bing?",https://image.tmdb.org/t/p/w500//5lUmWTGkEcYnXujixXn31o9q2T0.jpg,7.9,"Animation, Fantasy, Adventure"
238,The Godfather,"Spanning the years 1945 to 1955, a chronicle of the fictional Italian-American Corleone crime family. When organized crime family patriarch, Vito Corleone barely survives an attempt on his life, his youngest son, Michael steps in to take care of the would-be killers, launching a campaign of bloody revenge.",https://image.tmdb.org/t/p/w500//3bhkrj58Vtu7enYsRolD1fZdja1.jpg,8.687,"Drama, Crime"
10676,Halloween III: Season of the Witch,"A terrified toy salesman is mysteriously attacked, and at the hospital, babbles and clutches the year's most popular Halloween costume, an eerie pumpkin mask. Suddenly, Doctor Daniel Challis finds himself thrust into a terrifying nightmare.",https://image.tmdb.org/t/p/w500//WABfdeaThFYXCySGIOvRNv2sSW.jpg,5.215,"Horror, Science Fiction"
1243186,Demise,"After the ultimate betrayal by her husband, a woman gets a deadly taste for revenge in a tense and explosive tale of desire, obsession and vengeance.",https://image.tmdb.org/t/p/w500//3RFkqeMh0lsoBdlsHNmJ2I0uec8.jpg,4.6,Thriller
19053,Valley Girl,"Julie, a girl from the valley, meets Randy, a punk from the city. They are from different worlds and find love. Somehow they need to stay together in spite of her trendy, shallow friends.",https://image.tmdb.org/t/p/w500//mQSrU9jerYSIOWeLBqFA1gcUU59.jpg,6.01,"Comedy, Romance"
385687,Fast X,"Over many missions and against impossible odds, Dom Toretto and his family have outsmarted, out-nerved and outdriven every foe in their path. Now, they confront the most lethal opponent they've ever faced: A terrifying threat emerging from the shadows of the past who's fueled by blood revenge, and who is determined to shatter this family and destroy everything—and everyone—that Dom loves, forever.",https://image.tmdb.org/t/p/w500//fiVW06jE7z9YnO4trhaMEdclSiC.jpg,7.044,"Action, Crime, Thriller, Adventure, Mystery"
550,Fight Club,"A ticking-time-bomb insomniac and a slippery soap salesman channel primal male aggression into a shocking new form of therapy. Their concept catches on, with underground ""fight clubs"" forming in every town, until an eccentric gets in the way and ignites an out-of-control spiral toward oblivion.",https://image.tmdb.org/t/p/w500//pB8BM7pdSp6B6Ih7QZ4DrQ3PmJK.jpg,8.439,Drama
1118031,Apocalypse Z: The Beginning of the End,"When a kind of rabies that transforms people into aggressive creatures spreads across the planet, Manel isolates himself at home with his cat, relying on his wits to survive; but soon they must go out in search of food, by land and by sea, dodging many dangers.",https://image.tmdb.org/t/p/w500//wIGJnIFQlESkC2rLpfA8EDHqk4g.jpg,6.716,"Drama, Action, Horror"
1016683,Semmelweis,"Set in 19th century Vienna, Ignac Semmelweis, a short-tempered but passionate doctor, delivers babies and carries out autopsies on a daily basis while looking for the cause of puerperal fever, the mysterious epidemic that decimates patients in the hospital.",https://image.tmdb.org/t/p/w500//ol6lDiWvWIDZsElj2sfBwQF9IBJ.jpg,7.2,"History, Drama"
993710,Back in Action,"Fifteen years after vanishing from the CIA to start a family, elite spies Matt and Emily jump back into the world of espionage when their cover is blown.",https://image.tmdb.org/t/p/w500//3L3l6LsiLGHkTG4RFB2aBA6BttB.jpg,6.459,"Action, Comedy"
839033,The Lord of the Rings: The War of the Rohirrim,"A sudden attack by Wulf, a clever and traitorous lord of Rohan seeking vengeance for the death of his father, forces Helm Hammerhand, the King of Rohan, and his people to make a daring last stand in the ancient stronghold of the Hornburg.",https://image.tmdb.org/t/p/w500//cXzCOx1hUuU9CfmiEv6rXjb6EqU.jpg,6.669,"Animation, Fantasy, Adventure, Action"
1013601,The Alto Knights,"Two of New York's most notorious organized crime bosses, Frank Costello and Vito Genovese, vie for control of the city's streets. Once the best of friends, petty jealousies and a series of betrayals place them on a deadly collision course that will reshape the Mafia (and America) forever.",https://image.tmdb.org/t/p/w500//95KmR0xNuZZ6DNESDwLKWGIBvMg.jpg,6.081,"Crime, Drama, History"
220882,London Fields,"Clairvoyant femme fatale, Nicola Six has been living with a dark premonition of her impending death by murder. She begins a tangled love affair with three uniquely different men — one of whom she knows will be her murderer.",https://image.tmdb.org/t/p/w500//7OfQVm5GexlAREp8FoR4ILxp35T.jpg,5.076,"Crime, Thriller"
259872,Skin. Like. Sun.,"Real-life young couple Wim and Floor spend an afternoon in the sunwashed rooms of a crumbling home in Belgium. In a unique twist, this artistic erotic documentary is edited in nearly real-time. In the slowness, we get the build, the sweetness, and the sexiness. Forget about fingersnapping fast editing. Slow is where it’s at.",https://image.tmdb.org/t/p/w500//uCkANtG6ezb7hjRKVudY3PUcbvn.jpg,5.713,Romance
24428,The Avengers,"When an unexpected enemy emerges and threatens global safety and security, Nick Fury, director of the international peacekeeping agency known as S.H.I.E.L.D., finds himself in need of a team to pull the world back from the brink of disaster. Spanning the globe, a daring recruitment effort begins!",https://image.tmdb.org/t/p/w500//RYMX2wcKCBAr24UyPD7xwmjaTn.jpg,7.742,"Science Fiction, Action, Adventure"
968171,Sex Education Mistresses,"An erotic comedy depicting the sex adventures of  young wives living in an apartment complex, that are not satisfied with just having sex with their husbands.",https://image.tmdb.org/t/p/w500//xghWMg0pkBOdLHCTESyeyHU68wl.jpg,5.9,Comedy
8587,The Lion King,"Young lion prince Simba, eager to one day become king of the Pride Lands, grows up under the watchful eye of his father Mufasa; all the while his villainous uncle Scar conspires to take the throne for himself. Amid betrayal and tragedy, Simba must confront his past and find his rightful place in the Circle of Life.",https://image.tmdb.org/t/p/w500//sKCr78MXSLixwmZ8DyJLrpMsd15.jpg,8.257,"Family, Animation, Drama"
603,The Matrix,"Set in the 22nd century, The Matrix tells the story of a computer hacker who joins a group of underground insurgents fighting the vast and powerful computers who now rule the earth.",https://image.tmdb.org/t/p/w500//dXNAPwY7VrqMAo51EKhhCJfaGb5.jpg,8.224,"Action, Science Fiction"
426063,Nosferatu,"A gothic tale of obsession between a haunted young woman and the terrifying vampire infatuated with her, causing untold horror in its wake.",https://image.tmdb.org/t/p/w500//5qGIxdEO841C0tdY8vOdLoRVrr0.jpg,6.701,"Horror, Fantasy"
979660,Freaky Tales,"In 1987 Oakland, a mysterious force guides The Town's underdogs in four interconnected tales: teen punks defend their turf against Nazi skinheads, a rap duo battles for hip-hop immortality, a weary henchman gets a shot at redemption, and an NBA All-Star settles the score.",https://image.tmdb.org/t/p/w500//lo5mfglsGeMYmAkSRXs9DATNJxk.jpg,6.867,"Action, Adventure, Comedy"
603692,John Wick: Chapter 4,"With the price on his head ever increasing, John Wick uncovers a path to defeating The High Table. But before he can earn his freedom, Wick must face off against a new enemy with powerful alliances across the globe and forces that turn old friends into foes.",https://image.tmdb.org/t/p/w500//vZloFAK7NmvMGKE7VkF5UHaz0I.jpg,7.724,"Action, Thriller, Crime"
1062276,Dark Match,"A small-time wrestling company accepts a well-paying gig in a backwoods town only to learn, too late, that the community is run by a mysterious cult leader with devious plans for their match.",https://image.tmdb.org/t/p/w500//6E6fBED3ix7FmrWUWZdeYG4vqK8.jpg,5.143,"Action, Horror"
574475,Final Destination: Bloodlines,"Plagued by a violent recurring nightmare, college student Stefanie heads home to track down the one person who might be able to break the cycle and save her family from the grisly demise that inevitably awaits them all.",https://image.tmdb.org/t/p/w500//cAoktVUBhGyULRoxV6mZ2LB3x7I.jpg,0.0,"Horror, Mystery"
27205,Inception,"Cobb, a skilled thief who commits corporate espionage by infiltrating the subconscious of his targets is offered a chance to regain his old life as payment for a task considered to be impossible: ""inception"", the implantation of another person's idea into a target's subconscious.",https://image.tmdb.org/t/p/w500//ljsZTbVsrQSqZgWeep2B1QiDKuh.jpg,8.368,"Action, Science Fiction, Adventure"
942576,Buried in Barstow,"Follows Hazel King, a single mother determined to protect her daughter from the life she once had while defending and protecting those who can't protect themselves.",https://image.tmdb.org/t/p/w500//jROLolTGKmAAeiPndRO0DpiUWNy.jpg,7.1,"Thriller, Action, Drama, TV Movie"
1226406,Love Hurts,"A realtor is pulled back into the life he left behind after his former partner-in-crime resurfaces with an ominous message. With his crime-lord brother also on his trail, he must confront his past and the history he never fully buried.",https://image.tmdb.org/t/p/w500//skPPVeHoTTVVSJlb0Ib5vrqiuA4.jpg,5.9,"Action, Comedy, Romance"
4348,Pride & Prejudice,"A story of love and life among the landed English gentry during the Georgian era. Mr. Bennet is a gentleman living in Hertfordshire with his overbearing wife and five daughters, but if he dies their house will be inherited by a distant cousin whom they have never met, so the family's future happiness and security is dependent on the daughters making good marriages.",https://image.tmdb.org/t/p/w500//sGjIvtVvTlWnia2zfJfHz81pZ9Q.jpg,8.066,"Drama, Romance"
